id,abv,spirit_type,fair_price,total_score,wishlist_count,bar_count,ranking
164,46.5,Bourbon,104.52,92451,8983,53771,1
2848,45,Bourbon,66.25,82217,8744,47484,2
4984,50,Bourbon,94.43,61777,8161,34141,3
466,45,Bourbon,41.82,49610,3403,33914,4
158,53.5,Bourbon,116.66,40001,8098,17914,5
2803,45,Bourbon,58.63,39429,3810,25850,6
1586,45,Bourbon,178.62,25142,5835,11106,7
2993,67.2,Bourbon,147.92,23209,6685,5759,8
4662,50,Bourbon,75.24,20707,1832,13049,9
409,57,Bourbon,188.33,20287,5486,8768,10
5120,50,Bourbon,166.45,20267,4889,9593,11
13266,50,Bourbon,62.34,18850,1948,11536,12
13089,47,Bourbon,74.17,17328,2058,10574,13
150,62.5,Bourbon,73.06,16891,2392,9092,14
159,51.5,Bourbon,232.52,14458,3680,6267,15
4905,45,Bourbon,147.57,14337,3855,5527,16
1296,50,Bourbon,86.81,13625,1444,8634,17
1805,45,Rye,46.77,13399,776,9543,18
1816,58.4,Bourbon,70.61,13373,2054,7803,19
2336,45.2,Bourbon,66.85,12705,1456,8042,20
1522,45,Bourbon,56.99,12391,1368,7831,21
263,57.5,Bourbon,72.85,11816,1919,6881,22
3088,50,Bourbon,219.98,10747,3845,2515,23
4589,47.5,Bourbon,231.09,10094,4091,2643,24
4742,57,Bourbon,40.74,10055,1084,6180,25
15946,58,Bourbon,107.24,9863,1450,5466,26
2839,40,Canadian Whisky,95.28,9529,1502,5000,27
2193,50,Bourbon,32.19,9513,736,2892,28
1643,46.85,Bourbon,45.11,9413,950,5913,29
1165,60,Bourbon,68.79,8466,1621,6536,30
3655,43.3,Bourbon,69.02,8236,750,5467,31
4952,45,Bourbon,236.83,8228,1366,4117,32
1587,47,Bourbon,73.74,8210,765,5282,33
4792,47,Bourbon,45.78,8025,799,5232,34
1821,55,Bourbon,81.44,8022,1403,4588,35
355,53.5,Bourbon,85.23,7772,677,5082,37
12843,63.35,Bourbon,269.23,7757,2573,3059,38
2214,46.5,Bourbon,67.48,7673,1167,4673,39
1211,53.5,Bourbon,576.68,7590,2100,2773,40
16078,57.4,Bourbon,246.23,7586,2297,2582,41
1074,50,Bourbon,36.14,7542,941,4780,42
1282,55,Rye,89.01,7534,595,4928,43
873,45,Bourbon,90.38,7487,700,4544,44
1629,45.5,Bourbon,72.44,7458,774,5214,45
3574,50,Bourbon,84.64,7312,1002,4756,46
1510,64.6,Bourbon,133.7,7250,1728,3305,47
3300,53.5,Bourbon,709.41,7110,3453,1065,48
33209,58.6,Bourbon,362.17,6897,3960,1156,49
2879,45.6,Bourbon,87.85,6813,1776,3234,50
3819,49.3,Bourbon,68,6683,1035,4181,51
21319,45,Bourbon,48.84,6641,309,4464,52
3660,45.2,Bourbon,54.2,6608,685,4425,53
4739,64.05,Bourbon,366.21,6594,2977,1471,54
4245,64,Bourbon,94.49,6537,1092,3777,55
4448,48.5,Bourbon,252.98,6456,2946,1441,56
477,70.7,Bourbon,843.74,6424,3283,778,57
4762,64,Whiskey,86.27,6225,779,4021,58
4255,45.5,Bourbon,72.02,6221,531,4145,59
620,45,Bourbon,82.63,5928,365,4026,60
4373,52,Bourbon,77.21,5865,633,3714,61
3671,50,Rye,171.45,5810,1091,3152,62
4708,50.5,Bourbon,39.44,5764,726,3485,63
519,47.8,Bourbon,958.61,5689,2453,254,64
15947,50,Bourbon,76.79,5648,862,3337,65
15966,50,Bourbon,50.86,5436,666,3401,66
13668,50.5,Bourbon,66.69,5428,786,2909,67
1702,49.3,Rye,212.92,5360,1519,1749,68
3959,67.4,Bourbon,563.81,5255,2829,509,69
4002,47.2,Bourbon,346.85,5190,1972,1699,70
987,45.5,Bourbon,100.87,5119,792,2999,71
13584,65.15,Rye,99.92,5059,720,3201,72
3694,45.2,Bourbon,736.03,5024,1084,2083,73
1641,50.5,Bourbon,92.34,4878,515,3274,74
17951,52,Bourbon,87.86,4794,404,3290,75
144,67.1,Bourbon,104.95,4765,1205,1713,76
3773,45,Bourbon,49.36,4736,493,3081,77
1269,47,Bourbon,42.09,4699,595,2967,78
18530,50,Bourbon,227.89,4675,559,2705,79
2755,45,Bourbon,37.87,4663,424,3131,80
17318,48.5,Whiskey,179.31,4620,750,2526,81
3651,45,Bourbon,124.03,4605,534,2658,82
14150,48.3,Bourbon,96.99,4503,902,2447,83
3731,0.5,Bourbon,65.06,4433,1128,2506,84
3674,45,Bourbon,44.68,4365,561,2445,85
20691,66.5,Bourbon,146.32,4296,750,2440,86
1217,58,Bourbon,261.75,4292,740,2085,87
1966,45,Whiskey,238.67,4235,530,2093,88
20783,63.2,Bourbon,104.33,4215,546,2240,89
17248,62.5,Bourbon,33.47,4135,411,2809,90
21356,50,Bourbon,183.86,4109,853,2050,91
3775,46.5,Bourbon,54.12,4068,382,2519,92
46254,50.5,Bourbon,75.72,3994,704,2392,93
2969,58.5,Bourbon,106.38,3986,533,2253,94
4299,47,Whiskey,76.97,3965,290,2743,95
1046,45,Bourbon,3048.26,3864,1476,64,96
17358,74,Whiskey,276.99,3855,1352,543,97
16960,40,Bourbon,71.49,3823,350,2915,98
2533,60,Bourbon,85.23,3789,304,2543,99
803,45,Bourbon,50.33,3756,371,2463,100
3755,50,Rye,125.56,3749,390,2301,101
19547,53.5,Whiskey,188.35,3658,874,1611,102
16681,40,Bourbon,294.28,3654,1729,1077,103
2706,62.5,Bourbon,101.64,3597,794,1189,104
4776,45.2,Bourbon,1072.05,3557,2117,367,105
1708,45,Bourbon,55.59,3532,283,2372,106
2849,44.45,Bourbon,128.09,3528,654,1811,107
2769,50,Bourbon,69.06,3515,622,2057,108
5194,42.4,Rye,70.36,3470,294,2513,109
3317,45.7,Bourbon,205.5,3446,1544,989,110
15948,46,Bourbon,46.7,3444,465,2160,111
4948,64.75,Rye,530.79,3440,1047,1231,112
2353,50,Bourbon,174.28,3432,916,1480,113
3958,40,Bourbon,52.11,3427,249,2395,114
4450,45,Bourbon,58.32,3427,185,2421,114
17176,54.5,Bourbon,120.88,3406,679,1914,116
7140,15,Liqueurs,36.72,3357,140,2488,117
14409,45.5,Whiskey,127.96,3342,438,2042,118
1462,46,Bourbon,39.24,3324,275,2186,119
4576,46.5,Rye,287.59,3292,663,1576,120
429,47.5,Bourbon,81.93,3261,342,2071,121
1663,40,Irish Whiskey,80.59,3233,511,1844,122
21689,35,Canadian Whisky,43.69,3204,94,2376,123
16484,52.5,Bourbon,158.66,3176,580,1767,124
4598,53.5,Bourbon,165.4,3168,782,1241,125
15985,52.5,Whiskey,97.54,3114,441,1523,126
17021,58.5,Bourbon,188.56,3102,882,1032,127
4486,50,Bourbon,80.71,3084,753,1588,128
1636,55,Bourbon,104.53,3006,442,2026,129
220,57.15,Bourbon,93.77,2967,273,1932,130
3941,41.5,Bourbon,68.58,2905,294,1932,131
4593,48.2,Bourbon,217.88,2884,296,1659,132
1924,50,Bourbon,35.33,2881,276,1655,133
2594,45,Bourbon,681.17,2833,1487,356,134
14147,46.5,Bourbon,53.88,2814,164,1957,135
19806,50,Bourbon,85.75,2774,421,1799,136
2476,50,Bourbon,36.25,2773,279,1773,137
19971,50,Bourbon,93.12,2754,270,1868,138
1800,54,Bourbon,166.94,2710,586,1304,139
19503,50,Bourbon,77.74,2709,285,1791,140
38465,55.85,Bourbon,108.96,2695,274,1898,141
495,56.6,Bourbon,65.34,2669,301,1762,142
19526,55,Bourbon,117.43,2667,93,1899,143
16613,59.2,Rye,94.18,2659,263,1641,144
3860,40,Whiskey,35.04,2658,196,1457,145
966,49,Bourbon,81.63,2655,342,1728,146
3249,58,Rye,81.77,2634,311,1640,147
1133,50,Whiskey,88.5,2633,384,1401,148
18070,49.3,Bourbon,222.55,2623,438,1296,149
18184,50,Whiskey,47.5,2598,104,1844,150
17898,45,Bourbon,71.65,2587,229,1644,151
2291,43,Bourbon,61.02,2584,229,1707,152
21106,62.5,Bourbon,197.99,2532,499,1426,153
2831,50,Bourbon,62.23,2512,474,1407,154
633,55.9,Rye,204.81,2490,608,1111,155
2549,35,Canadian Whisky,45.5,2477,115,1846,156
3997,45,Whiskey,57.26,2471,263,1620,157
18508,54,Bourbon,339.41,2463,324,1141,158
41273,63.8,Bourbon,172.98,2462,624,1192,159
17450,47.5,Bourbon,36.69,2460,232,1704,160
21242,67.5,Bourbon,622.6,2356,718,939,161
893,43,Bourbon,34.71,2343,346,1108,162
16682,46.5,Bourbon,294.86,2317,1032,793,164
17397,50,Bourbon,191.83,2302,1467,233,165
17632,60.5,Bourbon,127.1,2292,214,1476,166
17435,60.5,Bourbon,114.59,2265,720,862,167
435,40,Canadian Whisky,43.8,2234,162,1277,168
17247,50,Bourbon,27.3,2231,226,1539,169
15984,63.5,Bourbon,270.36,2230,1020,306,170
670,50,Bourbon,44.66,2219,433,1540,171
1579,40,Bourbon,96.37,2206,323,1253,172
15989,55.5,Bourbon,134.68,2186,314,1241,173
17068,58,Bourbon,73.69,2173,269,1425,174
5131,64,Whiskey,75.34,2163,159,1377,175
19626,50,Bourbon,69.08,2125,247,1410,176
1419,46,Bourbon,60.52,2118,154,1450,177
16161,49.3,Whiskey,251,2085,406,897,178
17210,56,Bourbon,89.16,2082,200,1435,179
18235,53,Bourbon,167.89,2072,226,1234,180
19720,45,Bourbon,45.61,2054,204,1344,181
17213,55.5,Bourbon,140.59,2048,248,1243,182
15965,40,Bourbon,56.43,2045,198,1336,183
4588,50.05,Bourbon,71.85,2031,170,1382,184
1736,59.7,Bourbon,67.32,2030,223,1545,185
2159,50,Bourbon,37.51,2017,221,1309,186
18396,50,Bourbon,75.46,2014,247,1265,187
17138,50,Bourbon,241.09,2004,406,857,188
18712,62.5,Bourbon,107.5,1994,131,1374,189
184,54,Bourbon,92.34,1988,219,1301,190
859,43,Scotch,51.34,1986,226,1256,191
286,47,Bourbon,85.93,1984,276,1142,192
21466,52.7,Bourbon,80.06,1979,257,1285,193
19559,58.5,Bourbon,103.14,1977,305,1248,194
17089,64,Bourbon,187.36,1973,779,591,195
3123,40,Irish Whiskey,33.53,1970,190,1202,196
3205,46.5,Bourbon,111.06,1965,210,1207,197
3265,35,Canadian Whisky,51.64,1943,119,1325,198
3152,50,Whiskey,66.26,1939,209,1142,199
18233,60.5,Bourbon,113.91,1938,127,1375,200
2331,45,Bourbon,63.59,1919,126,1269,201
17293,62,Bourbon,164.51,1914,239,1060,202
2086,45,Bourbon,49.1,1904,116,1325,203
4575,50,Bourbon,336.92,1896,1395,37,204
17153,54.5,Bourbon,107.16,1895,348,1020,205
19790,49,Bourbon,108.79,1894,294,1432,206
2147,46,Whiskey,82.92,1885,148,1277,207
20831,61,Bourbon,156.5,1877,56,1337,208
17688,64.05,Rye,124.24,1877,226,1149,208
17894,49,Bourbon,68.72,1874,185,1202,210
15967,43,Bourbon,77.69,1871,309,1076,211
17446,47,Bourbon,90.03,1859,121,1336,212
841,53.5,Bourbon,99.58,1858,189,1236,213
17211,61,Bourbon,61.86,1852,215,1317,214
21010,63.5,Bourbon,143.81,1845,54,1341,215
20005,62.75,Bourbon,105.83,1840,45,1296,216
2581,48.3,Rye,67.17,1840,129,1261,216
4783,45.2,Bourbon,91.49,1839,174,1135,218
17054,47,Bourbon,109.08,1828,308,1060,219
4813,55,Bourbon,79.52,1817,308,1041,220
19151,65.5,Bourbon,345.56,1815,87,1144,221
19975,62,Bourbon,115.23,1808,50,1370,222
17355,57.5,Bourbon,85.25,1799,347,1018,223
17802,64.35,Bourbon,228.07,1795,166,1049,224
48400,63.9,Bourbon,163.28,1781,425,842,225
3286,46,Rye,44.45,1780,137,1252,226
18354,62,Bourbon,175.74,1779,123,1186,227
17630,50,Bourbon,157.56,1776,135,1045,228
1948,50,Bourbon,135.44,1775,484,1103,229
3838,50,Bourbon,139.15,1758,206,1025,230
19879,66,Bourbon,255.95,1751,114,1096,231
19819,62.2,Bourbon,79.14,1740,62,1232,232
4033,55,Rye,70.52,1738,253,1051,233
3365,45.1,Bourbon,80.75,1737,150,1203,234
13955,47.5,Bourbon,100.85,1722,133,1115,235
19502,60.05,Bourbon,89.03,1719,331,1055,236
2019,45.6,Bourbon,67.06,1714,192,1090,237
592,43,Single Malt Scotch Whisky,119.13,1713,189,1023,238
3454,47,Rye,40.84,1710,92,1191,239
2034,50,Whiskey,25.37,1707,110,1145,240
17221,50,Bourbon,105.9,1706,270,1043,241
18778,50,Bourbon,153.09,1704,261,945,242
4427,45,Bourbon,79.18,1675,236,1070,243
18768,54.5,Bourbon,109.33,1667,76,1179,244
17776,45,Bourbon,47.06,1666,208,1030,245
19848,49,Bourbon,273.22,1663,139,1039,246
3181,43,Japanese Whisky,231.33,1661,234,877,247
3560,43,Bourbon,123.8,1659,188,929,248
4581,40,Rye,65.11,1650,128,1151,249
16674,50,Bourbon,346.14,1642,1067,127,250
20574,59,Whiskey,227.42,1640,82,1085,251
19465,63,Bourbon,96.48,1629,122,1091,252
19529,65,Bourbon,270.44,1618,65,1045,253
18185,50,Whiskey,46.87,1617,81,1133,254
17181,63.5,Bourbon,166.78,1615,141,944,255
18517,58.7,Bourbon,249.86,1613,100,1040,256
21024,63.9,Bourbon,168.23,1604,72,1125,257
3793,46,Bourbon,57.5,1597,157,1082,258
17246,43,Bourbon,24.94,1571,130,1103,259
18355,57.5,Bourbon,65.5,1563,90,1113,260
16693,43,Blended Whisky,112.22,1558,183,969,261
18767,54.5,Bourbon,99.03,1556,66,1105,262
2428,46,Bourbon,82.62,1537,134,992,263
14239,60,Bourbon,75.43,1528,76,1070,264
17151,60,Bourbon,73.03,1525,107,1062,265
19540,48,Bourbon,63.05,1518,165,1057,266
13347,48.3,Rye,73.96,1518,208,994,266
16367,50,Bourbon,52.41,1514,81,1107,268
17309,60,Bourbon,109.18,1504,115,1003,269
16893,47.5,Bourbon,87.89,1497,290,749,270
19779,43.5,Bourbon,60.7,1497,103,1064,270
17164,49.5,Bourbon,132.77,1489,185,870,272
50056,68.05,Bourbon,486.09,1475,596,434,273
3000,45,Whiskey,56.18,1465,158,915,274
34570,58.65,Bourbon,67.46,1459,272,921,275
2329,62.5,Whiskey,20.66,1448,79,1080,276
3086,53.5,Bourbon,209.73,1443,391,666,277
1580,50,Bourbon,210.62,1442,1054,56,278
297,44,Bourbon,55.34,1441,132,1048,279
3867,46.5,Bourbon,18.72,1439,106,961,280
1547,40,Scotch,271.87,1429,136,892,281
18104,45,Bourbon,177.5,1419,170,781,282
17177,50,Bourbon,84.41,1409,144,907,283
2256,45,Bourbon,21.5,1409,57,1033,283
521,47,Bourbon,45.53,1390,127,890,285
20607,49,Bourbon,125.18,1385,355,654,286
19499,63.5,Bourbon,110.34,1384,38,970,287
4476,60,Rye,93.42,1384,442,508,287
12902,48.1,Bourbon,138.54,1379,304,664,289
18939,63.5,Bourbon,122.33,1379,57,968,289
19851,55,Bourbon,67.83,1359,70,925,291
18084,47.5,Bourbon,212.62,1354,97,903,292
18718,50,Bourbon,77.54,1352,82,952,293
281,45,Bourbon,64.63,1344,275,1035,294
2311,45,Rye,44.2,1343,136,882,295
33325,65.3,Bourbon,104.97,1325,115,947,296
3617,46.5,Bourbon,59.33,1315,179,798,297
12112,40,Tequila,89.15,1315,155,816,297
19816,56,Bourbon,354.85,1306,808,218,299
19546,50.5,Bourbon,217.7,1295,440,585,300
3281,40,Bourbon,12.66,1279,81,865,301
17299,45,Bourbon,63.6,1271,201,785,302
44955,53,Bourbon,66.26,1269,255,789,303
21291,50,Bourbon,208.75,1263,516,423,304
16486,55,Bourbon,67.62,1260,118,877,305
15987,66,Rye,83.16,1252,196,599,306
1584,45,Bourbon,80.01,1251,98,826,307
17040,57.5,Bourbon,97.49,1241,152,756,308
17328,46.5,Bourbon,558.36,1241,646,29,308
28079,45,Bourbon,104.95,1240,274,671,310
17925,40,Bourbon,65.03,1239,129,808,311
13667,62.6,Whiskey,89.05,1234,132,753,312
17924,59,Bourbon,646.78,1230,510,219,313
27454,60.6,Bourbon,190.52,1227,126,947,314
19807,65,Bourbon,170.8,1225,85,763,315
17542,50,Bourbon,131.05,1222,159,713,316
16602,51.5,Bourbon,140,1218,142,604,317
17319,45,Bourbon,23.24,1213,131,844,318
147,40,Bourbon,28.02,1213,121,782,318
2316,46,Bourbon,67.83,1207,180,730,320
18075,62.2,Bourbon,54.3,1200,152,731,321
17921,50,Bourbon,350.74,1197,518,282,322
16680,50.5,Bourbon,156.12,1191,167,638,323
542,40,Irish Whiskey,75.21,1183,154,755,325
16791,50,Bourbon,475.05,1180,528,99,326
21257,65.5,Bourbon,240.29,1172,151,702,327
3040,43,Japanese Whisky,53.67,1169,145,949,328
48189,62.55,Bourbon,92.46,1169,130,779,328
4838,47,Rye,63.18,1168,111,782,330
20014,62,Bourbon,161.8,1154,55,775,331
2697,50.5,Bourbon,48.01,1151,88,773,332
4414,57.7,Irish Whiskey,108.44,1135,204,599,333
17214,47.5,Bourbon,76.79,1132,161,700,334
1142,47,Rye,60.59,1131,276,516,335
21036,59.05,Bourbon,166.47,1130,152,727,336
4083,43,Scotch,72.25,1129,206,615,337
25363,45.2,Bourbon,92.12,1128,46,960,338
3142,50,Rye,26.75,1125,130,728,339
18228,61.9,Bourbon,70.21,1120,54,786,340
17223,40,Bourbon,95.02,1119,352,469,341
1388,40,Whiskey,35.46,1116,63,814,342
634,51.5,Bourbon,116.01,1115,97,695,343
40819,45,Bourbon,70.06,1115,149,747,343
269,50,Bourbon,270.86,1114,816,99,345
34488,59.1,Whiskey,220.57,1108,125,767,346
48300,64.5,Bourbon,94.76,1107,116,805,347
23515,50,Bourbon,62.71,1105,139,768,348
16679,45,Bourbon,44.67,1099,231,518,349
2685,45,Whiskey,52.69,1098,84,729,350
13361,40,Bourbon,50.59,1098,84,705,350
5155,50,Rye,34.88,1095,92,736,352
5196,46,Whiskey,86.76,1095,218,574,352
42342,53.5,,107.43,1105,163,906,353
1807,45.2,Rye,45.24,1094,81,741,354
18004,45,Whiskey,207.06,1094,92,616,354
1066,40,Whiskey,130.03,1090,78,665,356
3518,52,Rye,78.84,1090,132,707,356
786,45,Rye,39.08,1080,88,753,358
678,43,Rye,152.67,1077,131,661,359
16796,40,Canadian Whisky,176.59,1077,84,612,359
4510,41,Bourbon,56.61,1075,58,733,361
46500,46,Bourbon,90.39,1074,106,717,362
16485,59,Whiskey,237.28,1073,245,423,363
2287,51.4,Whiskey,75.03,1072,180,603,364
11035,40,Vodka,22.79,1070,87,679,365
19556,50,Bourbon,145.32,1070,61,695,365
1130,50,Rye,96.44,1065,115,655,367
18883,57,Whiskey,95.43,1060,99,686,368
2363,53.5,Bourbon,59.47,1059,82,698,369
18708,49.5,Rye,155.83,1052,107,571,370
17063,50.5,Bourbon,118.49,1050,211,444,371
4857,45,Whiskey,38.72,1047,120,652,372
2028,47,Whiskey,133.4,1046,286,410,373
993,46,Rye,74.45,1046,107,655,373
18110,43.3,Bourbon,35.19,1046,174,615,373
19594,47.5,Bourbon,47.72,1045,85,680,376
2753,58.9,Rye,106.16,1037,124,678,377
2973,50,Rye,41.77,1035,81,714,378
2592,60,Bourbon,107.76,1034,329,392,379
41054,60.5,Bourbon,118.93,1031,215,563,380
858,53.5,Bourbon,41.54,1030,50,723,381
17158,50,Bourbon,55.93,1030,94,651,381
651,47,Bourbon,134.22,1028,63,653,383
5029,45,Bourbon,40.52,1027,82,643,384
20575,50,Bourbon,221.85,1027,132,524,384
2833,40,Bourbon,41.74,1024,63,669,386
4709,45,Bourbon,58.44,1021,104,667,387
32083,49.3,Bourbon,211.55,1018,114,707,388
18138,62,Bourbon,116.24,1009,60,702,389
17611,49.5,Bourbon,294.52,1000,379,361,390
27160,62.1,Bourbon,84.69,1000,41,870,390
53003,64.45,,242.72,1026,128,555,390
19883,50,Bourbon,28.09,996,89,661,392
17905,50,Rye,101.29,995,109,631,393
18440,50,Bourbon,98.96,995,55,673,393
2192,45,Rye,532.86,994,556,168,395
726,43,Scotch,92.88,993,86,640,396
4789,47.5,Bourbon,68.6,988,97,637,397
18521,50,Bourbon,95.06,986,113,626,398
16248,46,Bourbon,29.38,985,30,755,399
27294,62.25,Bourbon,121.89,984,49,808,400
20206,46,Bourbon,38.99,984,33,674,400
3616,35,Whiskey,38.96,984,45,723,400
39325,62.3,Bourbon,131.16,980,92,836,403
17378,59,Bourbon,83.14,980,82,666,403
4496,45.1,Bourbon,97.71,974,96,630,405
19147,53.65,Whiskey,113.08,973,165,547,406
48295,65.15,Bourbon,135.62,973,86,694,406
39943,61.6,Whiskey,106.43,969,102,639,408
16050,57.5,Bourbon,186.15,969,125,548,408
567,45.2,Rye,51.17,967,59,695,410
49176,50.6,Bourbon,122.17,967,173,612,410
14303,65.5,Bourbon,98.07,964,281,346,412
13891,58.9,Whisky,152.28,962,178,429,413
17399,62,Bourbon,86.86,958,110,602,414
1286,45.5,Whiskey,121.62,957,123,503,415
3208,43,Single Malt Scotch Whisky,85.27,957,119,601,415
17862,43.3,Bourbon,33.13,956,95,657,417
17064,50,Whiskey,56.2,954,107,552,418
1786,57.5,Rye,79.14,954,39,694,418
11663,40,Tequila,194.98,952,110,543,420
20692,57.5,Bourbon,225.15,952,263,357,420
17101,63.95,Bourbon,126.1,950,93,601,422
16879,49,Bourbon,62.7,947,139,581,423
43333,45.6,Whiskey,224.96,947,118,635,423
12408,40,Tequila,190.43,944,96,556,425
13979,50,Bourbon,252.23,935,585,138,426
3097,45,Bourbon,476.63,930,665,45,427
4622,43,Whiskey,101.34,930,127,546,427
16502,47,Bourbon,44.94,930,95,578,427
413,43,Bourbon,18.38,929,99,352,430
3956,45.2,Bourbon,51.57,927,99,610,431
20813,46,Bourbon,64.42,923,47,619,432
1693,50,Bourbon,16.98,917,101,612,433
1753,51,Bourbon,49.34,917,179,471,433
18439,55,Bourbon,123.39,910,94,638,435
17547,61.3,Bourbon,64.12,894,69,579,436
46347,67.5,Whiskey,252.21,893,381,290,437
19658,55.3,Bourbon,137.21,891,92,511,438
1730,50,Bourbon,290.14,888,651,79,439
2419,35,Canadian Whisky,32.37,888,55,642,439
6462,44,Gins,40.56,884,116,458,441
15345,62.9,Whiskey,386.68,878,426,95,442
2670,55,Bourbon,146.87,877,360,283,443
4859,42,Whiskey,66.55,873,110,558,444
145,65,Bourbon,67.63,872,258,299,445
4864,40,Scotch,59.28,868,151,496,446
19569,58.5,Whiskey,86.22,867,116,577,447
17420,45,Bourbon,831.74,864,574,14,448
363,43,Bourbon,28.12,862,71,566,449
1297,45,Rye,48.3,854,90,578,450
17126,50,Bourbon,22.16,854,67,591,450
17354,50,Whiskey,126.61,851,73,485,452
2128,43,Scotch,100.48,848,111,519,453
45695,60,Bourbon,283.51,845,145,491,454
18872,48,Bourbon,403.53,844,273,282,455
2433,40,Scotch,52.81,842,150,451,456
18356,65.55,Bourbon,249.2,840,157,499,457
16995,52.35,Bourbon,167.84,838,291,248,458
16458,51.5,Rye,44.06,831,49,587,459
34209,62.7,Bourbon,89.4,830,73,620,460
20519,50,Rye,133.85,826,52,461,461
17389,50,Rye,84.93,825,133,490,462
4631,43,Bourbon,42.32,822,145,422,463
5151,46,Rye,70.95,821,150,494,464
19555,58.5,Rye,81.07,821,114,547,464
17264,50,Rye,82.22,818,85,554,466
3562,47.8,Rye,518.88,812,375,207,467
44603,59.65,Bourbon,330.08,812,279,347,467
19812,69.35,Bourbon,461.1,811,279,298,469
3884,40,Scotch,47.86,811,58,588,469
22361,59.5,Bourbon,94.63,808,26,720,471
17261,50.5,Bourbon,254.64,806,206,312,472
20518,55,Bourbon,83.35,804,72,545,473
21216,40,Bourbon,109.66,791,38,569,474
28334,48,Bourbon,117.24,790,114,565,475
17356,45.2,Bourbon,144.78,789,73,439,476
20824,45.5,Bourbon,137.18,788,73,513,477
5208,40,Bourbon,14.3,783,75,518,478
1533,50,Bourbon,17.8,783,111,477,478
14242,50.5,Rye,27.71,782,55,534,480
18042,65.5,Bourbon,139.68,781,67,477,481
4723,40,Irish Whiskey,49.99,780,72,532,482
18002,43.3,Bourbon,55.34,778,44,577,483
149,45.2,Bourbon,49.68,777,54,497,484
2371,40,Bourbon,21.21,774,118,413,485
3213,43,Bourbon,49.93,774,79,504,485
46278,53.5,Bourbon,479.79,774,364,220,485
3672,59.65,Bourbon,226.76,770,217,309,488
32717,45,Bourbon,35.76,769,75,560,489
42831,54,,212.8,775,131,491,489
19466,55,Rye,144.83,763,84,466,490
17156,60.95,Bourbon,73.06,762,68,514,491
17900,46,Bourbon,42.55,760,24,558,492
19223,50,Bourbon,438.87,760,122,336,492
1355,45,Japanese Whisky,76.44,760,145,430,492
17500,46.5,Bourbon,45.48,755,27,548,495
19811,49,Bourbon,139.16,752,150,336,496
20648,54.5,Bourbon,90.02,752,43,554,496
13581,55.7,Bourbon,276.44,752,438,119,496
12152,40,,110.2,761,107,477,497
17644,50,Bourbon,60.37,748,88,456,499
20789,57.5,Bourbon,106.78,745,33,513,500